question_text,topic,difficulty_level,answer
"Based on the text about process scheduling, what is process scheduling?",process scheduling,remember,Process scheduling is the method by which the operating system decides the order in which processes are executed by the CPU.
"According to the material on memory management, list the components of memory management.",memory management,remember,"The components of memory management are allocation, protection, sharing, logical organization, and physical organization."
"From the discussion of memory management, define virtual memory.",virtual memory,remember,"Virtual memory is a memory management technique that gives an application the illusion of having a large, continuous block of memory by using both the physical RAM and a portion of the hard disk."
"From the discussion of system calls, define file systems.",file systems,remember,"A file system is a method used by the operating system to store, organize, and manage data on storage devices like hard drives, ensuring easy access and retrieval of files."
"Based on the text about system calls, what is system calls?",system calls,remember,"System calls are interfaces provided by the operating system that allow user programs to request services like file handling, process control, or communication from the kernel."
"According to the material on distributed systems, list the components of device drivers.",device drivers,remember,"The components of device drivers are device-dependent code, device-independent code, and the interface to the operating system."
"According to the material on interrupt handling, list the components of interrupt handling.",interrupt handling,remember,"The components of interrupt handling are interrupt request, interrupt service routine (ISR), interrupt vector, and interrupt handler."
"Based on the text about memory management, what is process synchronization?",process synchronization,remember,Process synchronization is the coordination of processes to ensure they execute in order without conflicts when accessing shared resources.
"According to the material on system calls, list the components of deadlock prevention.",deadlock prevention,remember,"The components of deadlock prevention are mutual exclusion, hold and wait, no preemption, and circular wait."
"From the discussion of process scheduling, define thread management.",thread management,remember,"Thread management is the process of creating, scheduling, and coordinating threads within a process to ensure efficient execution and resource sharing."
"According to the material on process scheduling, list the components of cpu scheduling algorithms.",cpu scheduling algorithms,remember,"The components of CPU scheduling algorithms are FCFS (First-Come, First-Served), SJF (Shortest Job First), Priority Scheduling, and Round Robin."
"From the discussion of memory management, define memory allocation.",memory allocation,remember,"Memory allocation is the process of assigning blocks of memory to programs or processes when they need it, ensuring efficient use of available memory."
"From the discussion of memory management, define file allocation methods.",file allocation methods,remember,"File allocation methods are techniques used by the operating system to assign space on storage devices for storing files, such as contiguous, linked, and indexed allocation."
"Based on the text about process scheduling, what is disk scheduling?",disk scheduling,remember,Disk scheduling is the method by which the operating system decides the order in which disk I/O requests are processed to improve efficiency and reduce seek time.
"Based on the text about and implementation, what is kernel design?",kernel design,remember,"Kernel design is the structure and organization of the operating system's core, determining how it manages resources, executes processes, and provides services to applications."
"Given the information about process scheduling, explain how process scheduling works.",process scheduling,understand,"Process scheduling works by the operating system selecting which process in the ready queue will use the CPU next. It uses scheduling algorithms (like FCFS, SJF, Priority, or Round Robin) to manage process execution efficiently, ensuring fairness, responsiveness, and optimal CPU utilization."
How does memory management interact with memory management in the system?,memory management,understand,"Memory management interacts with the system by controlling how memory is allocated, accessed, and released for processes. It ensures that each process gets the memory it needs, protects memory from unauthorized access, and efficiently uses physical and virtual memory to maintain system stability and performance."
"Based on the discussion of memory management, describe the relationship with virtual memory.",virtual memory,understand,"Memory management and virtual memory are related because memory management uses virtual memory to give processes the illusion of a large, continuous memory space. This allows efficient use of physical RAM, enables multitasking, and isolates process memory for protection."
"Based on the discussion of system calls, describe the relationship with file systems.",file systems,understand,"System calls and file systems are related because system calls provide the interface for programs to access and manage files. Through system calls, applications can create, read, write, and delete files, while the file system handles the organization and storage of that data on the device."
"Given the information about system calls, explain how system calls works.",system calls,understand,"System calls work by acting as a bridge between user programs and the operating system kernel. When a program requests a service (like file access or process control), it invokes a system call, which switches the CPU to kernel mode, executes the requested operation, and then returns the result to the program in user mode."
Describe the process of device drivers.,device drivers,understand,"The process of device drivers involves translating operating system commands into device-specific instructions. The driver communicates with the hardware to perform tasks like reading, writing, or controlling the device, while providing an interface for the OS and applications to use the device efficiently."
How does interrupt handling interact with interrupt handling in the system?,interrupt handling,understand,"Interrupt handling interacts with the system by allowing hardware or software to signal the CPU when immediate attention is needed. The system temporarily pauses the current process, executes the interrupt service routine (ISR) to handle the event, and then resumes normal execution, ensuring timely responses and smooth operation."
"Given the information about system calls, explain how process synchronization works.",process synchronization,understand,"Process synchronization works through system calls by providing mechanisms (like semaphores, mutexes, or monitors) that allow processes to coordinate access to shared resources. These system calls ensure that only one process accesses a resource at a time when needed, preventing conflicts and maintaining data consistency."
How does deadlock prevention interact with system calls in the system?,deadlock prevention,understand,"Deadlock prevention interacts with system calls by enforcing rules that avoid deadlocks when processes request resources. System calls manage resource allocation, ensuring conditions like mutual exclusion, hold-and-wait, no preemption, or circular wait are controlled to prevent processes from getting stuck."
"Based on the discussion of memory management, describe the relationship with thread management.",thread management,understand,"Memory management and thread management are related because threads within a process share the same memory space, while memory management ensures that this shared memory is properly allocated, protected, and accessed efficiently, enabling safe and concurrent thread execution."
How does cpu scheduling algorithms interact with process scheduling in the system?,cpu scheduling algorithms,understand,"CPU scheduling algorithms interact with process scheduling by determining the order in which processes in the ready queue get CPU time. They help the operating system manage process execution efficiently, improve CPU utilization, and ensure fairness and responsiveness."
"Based on the discussion of memory management, describe the relationship with memory allocation.",memory allocation,understand,"Memory management and memory allocation are related because memory management controls how memory is distributed to processes, and memory allocation is the actual process of assigning specific memory blocks to meet those needs efficiently and safely."
"Based on the discussion of memory management, describe the relationship with file allocation methods.",file allocation methods,understand,"Memory management and file allocation methods are related because memory management oversees how storage space is used, while file allocation methods determine how files are stored and organized on that memory, ensuring efficient access and minimal waste of storage resources."
"Given the information about disk scheduling, explain how disk scheduling works.",disk scheduling,understand,"Disk scheduling works by the operating system deciding the order in which pending disk I/O requests are processed. Using algorithms like FCFS, SSTF, or SCAN, it minimizes seek time, improves throughput, and ensures efficient and fair access to the disk for all processes."
"Given the information about memory management, explain how kernel design works.",kernel design,understand,"Kernel design works by structuring the core of the operating system to manage resources efficiently, including memory, processes, and devices. It defines how memory management, process scheduling, and system calls are implemented to ensure stability, performance, and secure access to system resources."
"Given the scenario described with process scheduling, how would you apply process scheduling?",process scheduling,apply,"To apply process scheduling in a scenario, you would analyze the set of ready processes, choose an appropriate scheduling algorithm (like FCFS, SJF, Priority, or Round Robin) based on system goals, and then allocate CPU time to each process according to the chosen algorithm to ensure efficient execution and fairness."
Apply memory management to address the challenges mentioned with memory management.,memory management,apply,"To address memory management challenges, you would use techniques like allocation, paging, segmentation, and virtual memory to efficiently distribute memory, prevent conflicts, avoid fragmentation, and ensure that processes have the required memory while maintaining system stability and performance."
"Using the principles of memory management, implement virtual memory in practice.",virtual memory,apply,"To implement virtual memory in practice, you would use a combination of physical RAM and disk storage so that processes can access more memory than physically available. Techniques like paging or segmentation map virtual addresses to physical memory, allowing efficient multitasking, isolation between processes, and smooth handling of large applications."
"Using the principles of memory management, implement file systems in practice.",file systems,apply,"To implement file systems in practice using memory management principles, you would organize and allocate storage space efficiently, choose a file allocation method (like contiguous, linked, or indexed), and ensure proper protection, access control, and retrieval mechanisms so that files can be stored, accessed, and managed reliably."
"Given the scenario described with system calls, how would you apply system calls?",system calls,apply,"To apply system calls in a scenario, you would use them as the interface between user programs and the operating system to perform tasks like creating, reading, writing, or deleting files, managing processes, or communicating between processes, ensuring that programs can safely and efficiently request OS services."
Use device drivers to optimize memory management.,device drivers,apply,"To use device drivers to optimize memory management, you would ensure that drivers efficiently communicate with hardware for tasks like buffering, caching, and direct memory access (DMA). This reduces CPU overhead, speeds up data transfer, and allows memory to be used more effectively across processes."
Apply interrupt handling to address the challenges mentioned with interrupt handling.,interrupt handling,apply,"To address interrupt handling challenges, you would design and implement efficient interrupt service routines (ISRs), prioritize interrupts, and use interrupt vectors so that the CPU can respond quickly to high-priority events, avoid conflicts, and resume normal processing smoothly, ensuring system stability and responsiveness."
"Given the scenario described with memory management, how would you apply process synchronization?",process synchronization,apply,"To apply process synchronization in a memory management scenario, you would use mechanisms like semaphores, mutexes, or monitors to coordinate processes that access shared memory. This ensures safe, conflict-free memory usage, prevents race conditions, and maintains data consistency across concurrent processes."
Apply deadlock prevention to address the challenges mentioned with system calls.,deadlock prevention,apply,"To apply deadlock prevention with system calls, you would enforce rules that control how processes request resources, such as avoiding hold-and-wait, allowing preemption, and preventing circular wait. System calls would manage resource allocation according to these rules to ensure processes do not get stuck, maintaining smooth system operation."
"Using the principles of process scheduling, implement thread management in practice.",thread management,apply,"To implement thread management using process scheduling principles, you would create and schedule threads within a process based on priorities or time slices, use CPU scheduling algorithms (like Round Robin or Priority Scheduling) to allocate CPU time efficiently, and coordinate thread execution to ensure concurrency, resource sharing, and responsiveness."
Apply cpu scheduling algorithms to address the challenges mentioned with process scheduling.,cpu scheduling algorithms,apply,"To address process scheduling challenges, you would select and apply appropriate CPU scheduling algorithmsŃsuch as FCFS for simplicity, SJF to minimize waiting time, Priority Scheduling for critical tasks, or Round Robin for fairnessŃand use them to allocate CPU time efficiently, reduce process delays, and improve overall system performance."
"Using the principles of memory management, implement memory allocation in practice.",memory allocation,apply,"To implement memory allocation using memory management principles, you would assign memory blocks to processes based on their needs using techniques like contiguous allocation, paging, or segmentation. This ensures efficient use of memory, prevents fragmentation, and provides safe access to each process."
"Using the principles of memory management, implement file allocation methods in practice.",file allocation methods,apply,"To implement file allocation methods using memory management principles, you would choose a suitable allocation strategyŃsuch as contiguous, linked, or indexed allocationŃto store files efficiently on disk, manage space, enable quick access, and prevent fragmentation while ensuring reliable organization of data."
"Given the scenario described with memory management, how would you apply disk scheduling?",disk scheduling,apply,"To apply disk scheduling in a memory management scenario, you would organize and prioritize pending disk I/O requests using algorithms like FCFS, SSTF, or SCAN. This minimizes seek time, improves data access speed, and ensures efficient and fair use of disk resources for processes."
"Given the scenario described with memory management, how would you apply kernel design?",kernel design,apply,"To apply kernel design in a memory management scenario, you would structure the OS kernel to efficiently handle memory allocation, process management, and system calls. This includes implementing modules for virtual memory, paging, and protection mechanisms to ensure stability, security, and optimal performance of the system."
Analyze the relationship between process scheduling and process scheduling.,process scheduling,analyze,"The relationship between process scheduling and CPU scheduling can be analyzed by noting that process scheduling is the broader concept of deciding the order of process execution, while CPU scheduling is a specific type of process scheduling focused on allocating the CPU among ready processes. Analyzing this shows how CPU scheduling strategies directly impact overall process scheduling efficiency, waiting time, and system responsiveness."
Examine how memory management affects the behavior of memory management.,memory management,analyze,"Examining memory management reveals that it directly affects how memory is allocated, accessed, and released. Efficient memory management reduces fragmentation, prevents conflicts, and ensures processes run smoothly, while poor management can lead to wasted memory, slow performance, or system crashes, showing its critical role in overall system behavior."
Compare virtual memory with acommon method in terms of performance.,virtual memory,analyze,"Comparing virtual memory with contiguous memory allocation, virtual memory offers greater flexibility and multitasking by allowing processes to use more memory than physically available, but it may incur slightly higher access time due to page swapping. Contiguous allocation is faster for access but less efficient and prone to fragmentation, limiting system performance under heavy workloads."
Compare file systems with system calls in terms of performance.,file systems,analyze,"Comparing file systems with system calls in terms of performance, file systems organize and manage how data is stored and accessed on disk, while system calls act as the interface between programs and the OS to perform file operations. Efficient file systems improve data retrieval speed, but system call overhead can slightly reduce performance because each request requires a mode switch from user to kernel space."
Analyze the relationship between system calls and system calls.,system calls,analyze,"Analyzing the relationship between system calls and system calls shows that they are mechanisms through which user programs interact with the operating system. Each system call serves a specific functionŃlike file handling, process control, or communicationŃbut together they form a cohesive interface that ensures safe, controlled, and efficient access to OS services."
Examine the trade-offs involved in device drivers.,device drivers,analyze,"Examining device drivers reveals trade-offs between performance, portability, and complexity. Efficient, hardware-specific drivers can maximize speed and functionality but may reduce portability across devices. Generic drivers increase compatibility but may sacrifice performance. Well-designed drivers must balance hardware optimization, system stability, and ease of maintenance."
Examine how interrupt handling affects the behavior of straightforward method.,interrupt handling,analyze,"Examining interrupt handling shows that it allows the CPU to respond immediately to high-priority events, rather than following a straightforward, sequential execution of instructions. While this improves responsiveness and system efficiency, it can introduce complexity, as the system must save and restore states, potentially affecting the predictability and timing of straightforward methods."
Analyze the advantages and disadvantages of process synchronization.,process synchronization,analyze,"Process synchronization has several advantages and disadvantages:
Advantages:
-Ensures safe access to shared resources, preventing data corruption.
-Prevents race conditions and maintains data consistency.
-Enables coordinated execution of concurrent processes, improving system reliability.
Disadvantages:
-Can lead to deadlocks if not managed properly.
-Introduces overhead due to locking mechanisms or context switching.
-May reduce parallelism, causing some processes to wait unnecessarily, impacting performance."
Examine how deadlock prevention affects the behavior of system calls.,deadlock prevention,analyze,"Deadlock prevention affects system calls by controlling how resources are requested and allocated, ensuring that system calls do not allow processes to enter states that could cause deadlocks. While this improves system stability and prevents processes from getting stuck, it can add overhead and sometimes delay resource access, slightly impacting performance."
Compare thread management with process scheduling in terms of performance.,thread management,analyze,"Comparing thread management with process scheduling in terms of performance:

Thread management allows multiple threads within the same process to share memory and resources, resulting in lower overhead, faster context switching, and better responsiveness.Process scheduling manages independent processes, which have separate memory spaces, leading to higher overhead and slower context switching.Thus, threads generally offer better performance for concurrent tasks, while process scheduling is essential for overall CPU utilization and fairness among processes."
Examine how cpu scheduling algorithms affects the behavior of process scheduling.,cpu scheduling algorithms,analyze,"CPU scheduling algorithms affect process scheduling by determining the order in which processes receive CPU time, directly influencing waiting time, turnaround time, and system responsiveness. The choice of algorithm (e.g., FCFS, SJF, Priority, or Round Robin) shapes process execution behavior, balancing fairness, efficiency, and priority handling, and can either optimize or hinder overall system performance."
Compare memory allocation with memory management in terms of performance.,memory allocation,analyze,"Comparing memory allocation with memory management in terms of performance:

Memory allocation is the actual assignment of memory blocks to processes, and its efficiency directly impacts how quickly processes can start and access memory.Memory management is the broader strategy that oversees allocation, protection, and organization, influencing overall system performance, fragmentation, and resource utilization.Efficient memory allocation improves immediate process performance, while effective memory management ensures long-term stability and optimal use of resources."
Compare file allocation methods with memory management in terms of performance.,file allocation methods,analyze,"Comparing file allocation methods with memory management in terms of performance:

File allocation methods (contiguous, linked, or indexed) determine how files are stored on disk, affecting data access speed, fragmentation, and retrieval efficiency.
Memory management oversees how RAM is allocated and accessed by processes, influencing execution speed, multitasking, and overall system responsiveness.
Efficient file allocation improves disk I/O performance, while effective memory management optimizes CPU and memory usage, both contributing to overall system efficiency."
Analyze the relationship between disk scheduling and disk scheduling.,disk scheduling,analyze,"Analyzing the relationship between disk scheduling and disk scheduling shows that it is the process of ordering disk I/O requests to optimize performance. Different algorithms (like FCFS, SSTF, SCAN) determine the sequence in which requests are handled, affecting seek time, throughput, and fairness. Essentially, disk scheduling strategies directly shape how efficiently the disk services pending requests."
Analyze the relationship between kernel design and kernel design.,kernel design,analyze,"Analyzing the relationship between kernel design and kernel design highlights that kernel design defines the core structure and functionality of the operating system, including process management, memory management, and system calls. The design choicesŃsuch as monolithic, microkernel, or hybridŃdirectly influence system performance, stability, security, and scalability, showing how different aspects of the kernel work together to manage resources effectively."
Evaluate the effectiveness of process scheduling compared to process scheduling.,process scheduling,evaluate,"The effectiveness of process scheduling depends on the chosen algorithms; while general process scheduling ensures all processes get CPU time fairly, specific CPU scheduling optimizes waiting time, turnaround, and responsiveness. Using appropriate strategies improves efficiency and system performance compared to simple or uniform scheduling."
Judge the trade-offs between memory management and memory management.,memory management,evaluate,"The trade-offs in memory management involve balancing efficient memory use, speed, and protection. Optimizing allocation and access improves performance but can increase complexity and overhead, while simpler management reduces overhead but may cause fragmentation or slower process execution."
Assess whether virtual memory is better than memory management for the given scenario.,virtual memory,evaluate,"Virtual memory is better when processes require more memory than physically available, as it allows efficient multitasking and isolation, but it may introduce slight delays due to paging. Standard memory management is faster but less flexible for large or multiple concurrent processes."
Assess whether file systems is better than disk scheduling for the given scenario.,file systems,evaluate,"File systems and disk scheduling serve different purposes: file systems organize and store data efficiently, while disk scheduling optimizes the order of I/O requests. For scenarios needing fast data retrieval, an efficient file system is crucial, but combining it with disk scheduling gives the best overall performance."
Evaluate the effectiveness of system calls compared to system calls.,system calls,evaluate,"System calls are effective as they provide a controlled interface between user programs and the OS, ensuring safe access to resources. Their effectiveness depends on how well they are designed to handle requests efficiently, balancing performance and security across all system operations."
Judge the suitability of device drivers for real-time systems.,device drivers,evaluate,"Device drivers for real-time systems must be highly efficient and predictable, as delays can affect system responsiveness. Well-designed drivers ensure fast hardware communication, but poorly optimized ones can cause latency, making suitability dependent on careful design and testing."
Judge the trade-offs between interrupt handling and interrupt handling.,interrupt handling,evaluate,"The trade-offs in interrupt handling involve responsiveness versus complexity. Efficient interrupts allow the CPU to react quickly to events, improving system performance, but managing frequent or nested interrupts increases overhead and can complicate system design."
Evaluate the effectiveness of process synchronization in modern operating systems.,process synchronization,evaluate,"Process synchronization is highly effective in modern operating systems, as it prevents race conditions and ensures safe access to shared resources. However, it can introduce overhead and potential deadlocks if not managed carefully, so its effectiveness depends on proper use of mechanisms like semaphores and mutexes."
Judge the trade-offs between deadlock prevention and virtual memory.,deadlock prevention,evaluate,"Deadlock prevention ensures safe resource allocation, avoiding process stalls, but can add overhead and limit concurrency. Virtual memory allows flexible and efficient memory use but may cause delays due to paging. Balancing both requires weighing system responsiveness against resource utilization."
Assess whether thread management is better than process scheduling for the given scenario.,thread management,evaluate,"Thread management is better when tasks share memory and require lightweight, fast context switching, improving responsiveness and concurrency. Process scheduling handles independent processes with more overhead, so for scenarios needing highly parallel tasks, threads offer superior performance."
Judge the trade-offs between cpu scheduling algorithms and process scheduling.,cpu scheduling algorithms,evaluate,"CPU scheduling algorithms optimize how processes share the CPU, improving efficiency and responsiveness, but may favor certain processes over others. Process scheduling ensures fair overall execution of all processes, so the trade-off is between performance optimization and fairness in managing CPU time."
Assess whether memory allocation is better than memory management for the given scenario.,memory allocation,evaluate,"Memory allocation is better for efficiently assigning specific memory blocks to processes, ensuring quick access and minimal waste. Memory management is broader, overseeing allocation, protection, and organization, so for immediate performance needs, memory allocation is more directly impactful, though overall stability still relies on full memory management."
Assess whether file allocation methods is better than memory management for the given scenario.,file allocation methods,evaluate,"File allocation methods are better for efficiently organizing and accessing files on disk, improving storage utilization and retrieval speed. Memory management handles RAM allocation for processes, so for scenarios focused on disk storage and file access, file allocation methods have a more direct impact on performance."
Evaluate the effectiveness of disk scheduling compared to disk scheduling.,disk scheduling,evaluate,"Disk scheduling is effective in reducing seek time and improving I/O throughput. Comparing different strategies, some algorithms optimize for speed (like SSTF), while others ensure fairness (like SCAN), so effectiveness depends on balancing performance, fairness, and workload characteristics."
Evaluate the effectiveness of kernel design compared to kernel design.,kernel design,evaluate,"Kernel design is effective in determining system stability, performance, and resource management. Comparing different designs, a monolithic kernel may offer speed, while a microkernel improves modularity and security, so effectiveness depends on the priorities of efficiency, maintainability, and reliability."
Design a system that combines process scheduling with process scheduling.,process scheduling,create,"You can design a system that combines priority scheduling with round-robin scheduling. The system first assigns processes based on priority to ensure critical tasks are handled quickly. Within each priority group, round-robin is used so that all processes get fair CPU time. This way, the system balances fairness and efficiency."
Develop a solution that addresses the limitations of memory management using memory management.,memory management,create,"A solution can combine paging and segmentation for better memory management. Paging avoids external fragmentation, while segmentation handles logical divisions of a program. By using both, memory is allocated efficiently and logically. This reduces waste and improves overall system performance."
Create a new approach that improves upon both virtual memory and virtual memory.,virtual memory,create,"A new approach could merge demand paging with prefetching in virtual memory. The system loads only required pages while predicting and preloading future ones. This reduces page faults and speeds up execution. As a result, programs run smoothly with less delay."
Create a new approach that improves upon both file systems and disk scheduling.,file systems,create,"Design an integrated filesystemĐdisk-scheduler that exposes file access patterns and priorities to the I/O scheduler so decisions are workload-aware. The filesystem co-locates related blocks and maintains hot/cold metadata while the scheduler performs adaptive request batching, locality-preserving reordering, and tiered placement (SSD for hot, HDD for cold) with predictive prefetching. Together this reduces seeks and latency, improves throughput, and enforces QoS for critical files."
Design a system that combines system calls with system calls.,system calls,create,"Design an integrated syscall manager that combines synchronous and asynchronous system calls into a single, unified API. It batches short, similar syscalls to reduce context switches while dispatching long I/O as non-blocking asynchronous calls with completion notifications. The manager provides a lightweight scheduler that prioritizes interactive requests and retries batched work efficiently. This reduces overhead, improves responsiveness, and boosts overall throughput."
Develop a hybrid approach combining device drivers with other techniques.,device drivers,create,"Combine kernel-mode device drivers for low-latency I/O with user-space driver frameworks for safety and rapid development in a split-driver architecture where the fast data path stays in the kernel and control/management runs in user space. Add a lightweight hardware-abstraction layer and standardized IPC so drivers can be hot-swapped, run in containers or VMs, and share telemetry. Finally, include an adaptive profiler that dynamically tunes interrupt, DMA, and batching strategies to optimize throughput and reliability."
Develop a solution that addresses the limitations of interrupt handling using interrupt handling.,interrupt handling,create,"Design a hybrid interrupt framework that combines fast, minimal top-half handlers with adaptive software-managed bottom-halves (threaded handlers and tasklets) and hardware features like MSI-X and interrupt affinity. The top-half does only urgent, time-critical work and defers heavier processing to bottom-halves which use batching, coalescing, and priority-aware scheduling; an adaptive moderator tunes interrupt rates based on load. This reduces CPU overhead, prevents livelock, and preserves low latency for critical events."
Design a system that combines process synchronization with system calls.,process synchronization,create,"Design a unified synchronizationĐsyscall manager that provides user-space fast paths (atomic ops, futex-style checks) and kernel syscalls for blocking, wakeup, and priority handling. Uncontended operations complete entirely in user space; on contention a single syscall both parks the thread and registers a wake condition so the kernel can perform priority inheritance and avoid convoys. Batched wakeups and async completion notifications let the kernel coordinate syscalls and synchronization to minimize context switches and latency."
Develop a solution that addresses the limitations of deadlock prevention using system calls.,deadlock prevention,create,"Provide a kernel-assisted deadlock-resilient locking API via system calls that implement transactional lock acquisition: a single syscall attempts to atomically acquire multiple locks (or registers intent) and the kernel tracks wait-for graphs to detect cycles. On detection the kernel either enforces a global ordering, aborts and rolls back one transaction, or returns an error so the caller can retry with backoff; timeouts and priority inheritance are built into the syscalls to avoid livelock and priority inversion. This simplifies user code, enforces safe recovery, and keeps deadlock handling efficient and centralized."
Create a new approach that improves upon both thread management and process scheduling.,thread management,create,"Design a hybrid execution manager that treats threads as lightweight schedulable units while allowing the scheduler to consider both thread-level priorities and process-level fairness. It dynamically groups threads by process, adjusts CPU shares based on workload, and uses work-stealing to balance idle cores. Combined with adaptive quantum allocation, this reduces context switching and improves responsiveness. The system ensures high throughput while keeping critical threads and processes prioritized."
Develop a solution that addresses the limitations of cpu scheduling algorithms using process scheduling.,cpu scheduling algorithms,create,"Design a dynamic, hybrid CPU scheduler that combines priority-based and round-robin approaches. It assigns processes to priority queues while using adaptive time slices within each queue based on past CPU usage and I/O patterns. The scheduler also monitors system load and dynamically reorders processes to reduce starvation and improve throughput. This balances fairness, responsiveness, and overall CPU utilization."
Create a new approach that improves upon both memory allocation and memory management.,memory allocation,create,"Design a hybrid memory system that combines slab allocation with intelligent garbage collection. Slab allocation efficiently handles small, frequently used objects, while the garbage collector reclaims fragmented or unused memory in larger blocks. An adaptive allocator monitors usage patterns and moves memory between slabs and managed heaps as needed. This reduces fragmentation, improves allocation speed, and maximizes memory utilization."
Create a new approach that improves upon both file allocation methods and memory management.,file allocation methods,create,"Design an integrated storageĐmemory manager that combines indexed file allocation with a memory-aware caching layer. The system maps file blocks to memory pages dynamically, keeping hot data in RAM while managing fragmentation and swap efficiently. Prefetching and adaptive block grouping reduce disk I/O and speed up access. This approach optimizes storage usage and improves overall system performance."
Design a system that combines disk scheduling with memory management.,disk scheduling,create,Design a unified I/OĐmemory manager that coordinates disk scheduling with memory allocation. The system prioritizes disk requests based on memory-resident data and preloads frequently accessed blocks into RAM. Adaptive caching and intelligent request reordering reduce seek time and page faults simultaneously. This improves both disk throughput and memory efficiency.
Design a system that combines kernel design with memory management.,kernel design,create,"Design a kernel that tightly integrates memory management with core services by providing a unified memory abstraction for processes, drivers, and kernel modules. It uses hierarchical paging and segmentation, along with a real-time allocator for critical kernel tasks, to ensure fast and safe access. Memory-aware scheduling prioritizes tasks based on usage patterns to reduce contention. This approach improves efficiency, reliability, and system responsiveness."
